;;Кількість проведених лабораторних досліджень методом ПЛР на COVID-19;Кількість проведених лабораторних досліджень методом ПЛР на COVID-19 в тому числі зразків від хворих з пневмоніями;Кількість позитивних результатів на COVID-19;Кількість результатів ретестування на COVID-19;Кількість позитивних результатів ретестування на COVID-19;Кількість непротестованих зразків, що залишаються в лабораторії (залишки) ;Кількість проведених лабораторних досліджень методом ІФА на COVID-19;Кількість позитивних результатів на COVID-19, отриманих методом ІФА;Кількість проведених лабораторних досліджень методом ПЛР на COVID-19 загалом;Кількість позитивних результатів на COVID-19 загалом;Кількість проведених лабораторних досліджень методом ІФА на COVID-19 загалом;Кількість позитивних результатів на COVID-19, отриманих методом ІФА загалом
Вінницька;ДУ «Вінницький ОЛЦ МОЗ України»;314;19;18;82;1;141;0;0;43828;2487;2009;31
Вінницька;"ТОВ""Діагностичний центр""МЕДІЛАБС"", м. Вінниця ";0;0;0;0;0;0;0;0;5324;233;2593;129
Вінницька;"КНП ""Вінницький обласний клінічний центр профілактики та боротьби зі СНІДом Вінницької обласної Ради""";0;0;0;0;0;0;0;0;0;0;2943;103
Вінницька;"КНП ""Вінницька обласна клінічна лікарня ім.М.І.Пирогова Вінницької обласної Ради""";0;0;0;0;0;0;0;0;0;0;958;5
Вінницька;"КНП ""Подільський регіональний центр онкології Вінницької обласної Ради""";0;0;0;0;0;0;0;0;0;0;0;0
Вінницька;"КНП ""Вінницький обласний клінічний високоспеціалізований ендокринологічний центр Вінницької обласної Ради""";0;0;0;0;0;0;0;0;0;0;616;50
Вінницька;"КНП ""Вінницький обласний клінічний госпіталь ветеранів війни Вінницької обласної Ради""";0;0;0;0;0;0;0;0;0;0;1191;15
Вінницька;"КНП ""Вінницький обласний клінічний шкірно-венерологічний центр Вінницької обласної Ради""";0;0;0;0;0;0;0;0;0;0;5431;91
Вінницька;"КНП ""Вінницька міська клінічна лікарня №1""";0;0;0;0;0;0;0;0;0;0;928;82
Вінницька;"КНП ""Вінницька міська клінічна лікарня ""Центр матері та дитини""";0;0;0;0;0;0;0;0;0;0;2;0
Вінницька;"Комунальне підприємство ""Міський лікувально-діагностичний Центр""";0;0;0;0;0;0;0;0;0;0;8087;203
Вінницька;"КНП ""Бершадська окружналікарня інтенсивного лікування""";0;0;0;0;0;0;20;0;0;0;1224;19
Вінницька;"КНП ""Гайсинська центральна районна лікарня Гайсинської районної ради""";0;0;0;0;0;0;18;0;0;0;1089;10
Вінницька;"КП ""Калинівська центральна районна лікарня"" Калинівської районної ради";0;0;0;0;0;0;0;0;0;0;205;9
Вінницька;"КП ""Козятинська центральна районна лікарня""";0;0;0;0;0;0;0;0;0;0;471;30
Вінницька;"КНП ""Могилів-Подільська окружна лікарня інтенсивного лікування"" Могилів-Подільської міської ради";0;0;0;0;0;0;0;0;0;0;1128;65
Вінницька;"КНП ""Томашпільська центральна районна лікарня""";0;0;0;0;0;0;0;0;0;0;314;32
Вінницька;"КНП ""Тростянецька центральна районна лікарня""";0;0;0;0;0;0;0;0;0;0;68;5
Вінницька;"КНП ""Хмільницька центральна районна лікарня""";0;0;0;0;0;0;66;0;0;0;1169;36
Волинська;ДУ «Волинський ОЛЦ МОЗ України»;83;6;15;23;1;1;0;0;19617;4145;109;8
Волинська;"КП ""Луцька центральна районна лікарня""";0;0;0;0;0;0;0;0;0;0;1655;181
Волинська;"КНП ""Ковельське міськрайонне ТМО""";0;0;0;0;0;0;0;0;0;0;3792;397
Волинська;"КП ""Володимир-Волинське ТМО""";0;0;0;0;0;0;0;0;0;0;1354;127
Волинська;"КНП ""Любомльське ТМО Любомльської районної ради""";0;0;0;0;0;0;0;0;0;0;1929;151
Волинська;"КП ""Волинська обласна інфекційна лікарня""";0;0;0;0;0;0;0;0;0;0;577;80
Волинська;"КНП""Камінь-Каширська ЦРЛ""";0;0;0;0;0;0;0;0;0;0;676;181
Волинська;"КП""Волинська обласна клінічна лікарня""";0;0;0;0;0;0;0;0;0;0;3002;230
Волинська;"КНП""Ратнівська ЦРЛ""";0;0;0;0;0;0;0;0;0;0;194;56
Волинська;"КНП""Іваеичівська ЦРЛ"" ";0;0;0;0;0;0;0;0;0;0;855;60
Волинська;"КНП""Нововлинська центральна міська лікарня""";0;0;0;0;0;0;0;0;0;0;555;55
Волинська;"КП""Волинське обласне дитяче ТМО""";0;0;0;0;0;0;0;0;0;0;2560;158
Волинська;"КП""Луцький міський  клінічний пологовий будинок""";0;0;0;0;0;0;0;0;0;0;59;4
Волинська;"КП""Луцька міська клінічна лікарня""";0;0;0;0;0;0;0;0;0;0;461;43
Волинська;"КП "" Волинський обласний центр з профілактики та боротьби зі СНІДом""";0;0;0;0;0;0;0;0;0;0;4277;259
Волинська;"КП ""Волинський обласний медичний центр окології""";0;0;0;0;0;0;0;0;0;0;265;4
Волинська;"КП ""Маневицька центральна районна лікарня""";0;0;0;0;0;0;0;0;0;0;701;44
Волинська;"КНП""Любешівська ЦРЛ""";0;0;0;0;0;0;0;0;0;0;141;20
Дніпропетровська;ДУ «Дніпропетровський ОЛЦ МОЗ України»;0;0;0;0;0;128;0;0;17345;931;1240;23
Дніпропетровська;"КП ""Дніпропетровський обласний центр соціально значущих хвороб"" ДОР""";0;0;0;0;0;332;0;0;0;0;13978;22
Дніпропетровська;"КП ""Дніпропетровська обласна клінічна лікарня ім. І.І. Мечникова"" ДОР""";0;0;0;0;0;15;576;1;9802;246;11180;43
Дніпропетровська;"ПП ""Бодрость"" МЦ ""БИОТЕК""";0;0;0;0;0;0;0;0;0;0;1924;47
Дніпропетровська;"КНП ""Криворізька міська поліклініка №5""КМР";0;0;0;0;0;4;0;0;497;15;1327;13
Дніпропетровська;"ТОВ ""САНІТАС- Д"" Клініко-діагностична лабораторія IQLab";0;0;0;0;0;0;0;0;0;0;1064;14
Дніпропетровська;"КП ""ДОПЦ зі стаціонаром"" ДОР""";0;0;0;0;0;0;0;0;0;0;775;0
Дніпропетровська;"КП ""Криворізький центр профілактики та боротьби зі СНІДом""ДОР""";0;0;0;0;0;45;352;4;0;0;5332;49
Дніпропетровська;"КДЛ ЛДЦ ТОВ ""МЕДІКОМ КРИВБАС""";0;0;0;0;0;0;0;0;0;0;449;4
Дніпропетровська;"КНП ""Павлоградська міська лікарня №1""ПМР";0;0;0;0;0;0;0;0;0;0;200;0
Дніпропетровська;"ДУ ""Інститут гастроентерології АМН України""";0;0;0;0;0;0;0;0;0;0;127;1
Дніпропетровська;"КП ""Новомосковська ЦРЛ""ДОР";0;0;0;0;0;0;0;0;0;0;2192;17
Дніпропетровська;"КП ""Криворізька міська клінічна лікарня №8"" КМР";0;0;0;0;0;0;0;0;0;0;144;0
Дніпропетровська;"ТОВ ""БМДЦ""";0;0;0;0;0;0;0;0;0;0;135;2
Дніпропетровська;"КНП КМР ""МЛ №7"" м. Кам'янське";0;0;0;0;0;0;0;0;0;0;696;6
Дніпропетровська;"УБ ООО""Эйнджи"" (лабораторія Байер)";0;0;0;0;0;0;0;0;0;0;4647;7
Дніпропетровська;"ДЗ ""Спеціалізована багатопрофільна лікарня № 1 МОЗ України""";0;0;0;0;0;11;0;0;0;0;416;0
Дніпропетровська;"КНП ""Криворізька інфекційна лікарня №1"" КМР";0;0;0;0;0;0;0;0;0;0;3337;74
Дніпропетровська;"ТОВ ""Незалежна лабораторія ІНВІТРО""";0;0;0;0;0;0;0;0;0;0;594;12
Дніпропетровська;"КНП ""Першотравенська МЛ""";0;0;0;0;0;0;0;0;0;0;0;0
Дніпропетровська;"ТОВ ""ЕКОДНІПРО"" Клініка - діагностична лабораторія";0;0;0;0;0;0;0;0;0;0;265;0
Дніпропетровська;"ТОВАРИСТВО З ОБМЕЖЕНОЮ ВІДПОВІДАЛЬНІСТЮ ""ДІАГНОСТИЧНИЙ ЦЕНТР ""ВІТІЛАБ""";0;0;0;0;0;0;0;0;0;0;51;3
Дніпропетровська;"КП ""Новомосковська ЦМЛ"" НМР";0;0;0;0;0;0;0;0;0;0;0;0
Дніпропетровська;"Клініко-діагностична лабораторія КНП ""Павлоградська лікарня інтенсивного лікування"" ПМР";0;0;0;0;0;0;0;0;0;0;18;0
Донецька;Маріупольська міська філія ДУ «Донецький ОЛЦ МОЗ України»;51;0;0;0;0;470;0;0;7869;185;54;0
Донецька;Торецька міська філія ДУ «Донецький ОЛЦ МОЗ України»;0;0;0;0;0;0;0;0;0;0;124;1
Донецька;"КНП ""Донецький обласний центр з профілактики та боротьби із СНІДом""";71;2;3;6;1;246;0;0;10325;555;0;0
Донецька;КНП Маріупольської міської ради «Маріупольська міська лікарня № 4 ім. І.К. Мацука»;7;0;0;0;0;0;0;0;734;42;72;5
Донецька;"КНП ""Обласна лікарня інтенсивного лікування, м. Маріуполь""";0;0;0;0;0;0;0;0;0;0;4468;7
Донецька;"Медичний цент ""КОД ЗДОРОВ'Я"", м. Маріуполь";0;0;0;0;0;0;0;0;1115;13;790;10
Донецька;"МП ""Солярис"", м. Маріуполь";0;0;0;0;0;0;0;0;0;0;342;6
Донецька;КНП Маріупольської міської ради «Маріупольська міська лікарня №1»;0;0;0;0;0;0;0;0;0;0;11;0
Донецька;"ДУ ""ТМО МВС України по Донецькій області""";0;0;0;0;0;0;0;0;0;0;596;15
Донецька;"ТОВ ""МЦ ""Клініка репродуктивної медицини доктора Айзятуловой""";0;0;0;0;0;0;0;0;0;0;32;1
Донецька;"КНП ""ЦМКЛ"" Дружківської міської ради";0;0;0;0;0;0;0;0;0;0;222;1
Донецька;ТОВ«Медичний центр«Адастра»;0;0;0;0;0;0;0;0;0;0;79;0
Донецька;"КНП Слов'янської міської ради ""Міська клінічна лікарня м. Слов?янська""";0;0;0;0;0;0;0;0;0;0;2191;24
Донецька;інши приватні лабораторії по діагностиці COVID-19 методом ПЛР;0;0;0;0;0;0;0;0;2;2;0;0
Житомирська;ДУ «Житомирський ОЛЦ МОЗ України»;143;3;9;0;0;2;0;0;18774;1583;1226;73
Житомирська;"КНП ""Обласна клінічна лікарня ім. О.Ф. Гербачевського"" Житомирської обласної ради";13;0;0;0;0;0;401;2;715;24;3125;61
Житомирська;"КП ""Лікарня №1"" ЖМР";0;0;0;0;0;0;0;0;0;0;3120;103
Житомирська;"КНП ""Бердичівська міська лікарня"" Бердичівської міської ради";0;0;0;0;0;0;0;0;0;0;2433;35
Житомирська;"КНП ""Житомирська обласна дитяча клінічна лікарня""";0;0;0;0;0;0;0;0;0;0;659;17
Житомирська;"КНП ""Обласний перинатальний центр "" ЖОР";0;0;0;0;0;0;0;0;0;0;83;0
Житомирська;"КНП ""Обласний медичний спеціалізований центр ""ЖОР";0;0;0;0;0;0;0;0;0;0;272;5
Житомирська;"КП ""Лікарня №2 ім. В.П.Павлусенко"" ЖМР";0;0;0;0;0;0;0;0;0;0;1549;73
Закарпатська;ДУ «Закарпатський ОЛЦ МОЗ України»;127;14;11;25;0;543;0;0;16347;3241;0;0
Закарпатська;КНП «Мукачівська ЦРЛ» Клініко-діагностична лабораторія;0;0;0;0;0;0;0;0;6704;772;0;0
Закарпатська;"КНП ""Закарпатський центр громадського здоров`я"" ЗОР";0;0;0;0;0;0;0;0;5615;606;1735;72
Закарпатська;ПП АСТРА-ДІА;0;0;0;0;0;0;0;0;5175;2121;2654;268
Закарпатська;ТОВ ВАН ЛАБ;36;0;2;0;0;0;0;0;2161;145;1055;81
Запорізька;ДУ Запорізький ОЛЦ МОЗ України;155;14;5;1;0;0;90;3;30191;986;891;88
Запорізька;"ННМЦ ""Університетська клініка"" ЗДМУ, КДЛ";0;0;0;0;0;0;0;0;32;0;393;4
Запорізька;"Діагностична лабораторія ТОВ ""ДІАСЕРВІС""";0;0;0;0;0;0;0;0;0;0;5780;74
Запорізька;"ТОВ ""ДЦ ""МЕДЛАЙФ-БІО""";0;0;0;0;0;0;0;0;0;0;1443;23
Запорізька;"П ""Центр лікувально-діагностичної медичної допомоги"" ММР ЗО ";0;0;0;0;0;0;0;0;0;0;294;14
Запорізька;"КНП БМР ""Бердянськ ТМО""";0;0;0;0;0;0;0;0;0;0;641;15
Запорізька;Медична лабораторія Брайт Біо;0;0;0;0;0;0;0;0;0;0;2469;0
Запорізька;АТ «Мотор Січ» КДЛ;0;0;0;0;0;0;0;0;0;0;53;0
Запорізька;"КНП ""Міська лікарня№10"" ЗМР";0;0;0;0;0;0;0;0;0;0;38;0
Івано-Франківська;"ДУ «Івано-Франківський ОЛЦ МОЗ України»+КНП""ОКЛ ІФОР""+КНП «ІФ ОКІЛ ІФ ОР»";566;24;55;0;0;472;335;9;32559;3059;5905;134
Київська;"ДУ ""Київський ОЛЦ МОЗ України""";294;3;16;16;1;0;0;0;40301;3503;728;26
Київська;"ТОВ ""НЕО-ЛАБ""";0;0;0;0;0;0;45;0;1516;32;1039;38
Київська;"КНП БМР ""Білоцерківська міська лікарня №3""";0;0;0;0;0;0;0;0;1203;123;2985;68
Київська;КНП “Броварська БКЛ” БРР БМР;0;0;0;0;0;0;0;0;1093;77;831;18
Київська;"КНП КОР ""Київськак обласна клінічна лікарня""";0;0;0;0;0;10;0;0;1487;7;1444;34
Київська;"КНП КОР ""Київська обласна лікарня""";0;0;0;0;0;0;0;0;0;0;340;4
Кіровоградська;ДУ «Кіровоградська ОЛЦ МОЗ України»;16;3;2;0;0;0;0;0;27694;676;0;0
Кіровоградська;КНП «Кіровоградська обласна лікарня Кіровоградської обласної ради»;0;0;0;0;0;0;0;0;326;41;1854;69
Кіровоградська;Відділення клінічної лабораторної діагностики лікувально-діагностичного центру приватного підприємства приватної виробничої фірми «Ацинус» (Кіровоград);0;0;0;0;0;0;0;0;46;3;314;22
Кіровоградська;"КНП ""Смолінська медико-санітарна частина"" Смолінської селищної ради";0;0;0;0;0;0;0;0;0;0;239;2
Кіровоградська;"КНП ""Поліклінічне об'єднання"" м.Кропивницький";0;0;0;0;0;0;0;0;0;0;517;21
Кіровоградська;"КНП ""Кіровоградський обласний шкірно-венерологічний диспансер Кіровоградської обласної ради""";0;0;0;0;0;0;0;0;0;0;54;1
Луганська;"ДУ""Луганський ОЛЦ""";42;2;3;3;1;0;0;0;4430;170;0;0
Луганська;"МЦ"" Мікротестлаб""";0;0;0;0;0;0;0;0;0;0;1732;46
Луганська;"ТОВ""Медікал сіті";0;0;0;0;0;0;0;0;0;0;481;9
Луганська;"ТОВ ""КДЛ""Фармбіотест""";0;0;0;0;0;0;0;0;919;0;1741;20
Луганська;"КНП ""Старобільське РТМО""";0;0;0;0;0;0;0;0;0;0;351;2
Луганська;"КНП ""Новоайдарська БЛ""";0;0;0;0;0;0;0;0;0;0;60;4
Луганська;"КНП ""Попаснянська ЦРЛ""";0;0;0;0;0;0;0;0;0;0;296;8
Луганська;"КНП ""Сватівська БПЛ""";0;0;0;0;0;0;50;0;0;0;250;3
Луганська;"КНП ""Біловодська БЛ""";0;0;0;0;0;0;0;0;0;0;555;3
Львівська;ДУ «Львівський ОЛЦ МОЗ України»;532;37;115;0;0;162;0;0;50015;7930;0;0
Львівська;"КНП ""2МП м.Львова""";0;0;0;0;0;0;0;0;0;0;2824;216
Львівська;"КНП ""3МП м. Львова"" ";0;0;0;0;0;0;0;0;0;0;2704;226
Львівська;"КНП ""4МП м. Львова""";0;0;0;0;0;0;0;0;0;0;0;0
Львівська;КНП 1МКЛ, м. Львів;0;0;0;0;0;0;0;0;0;0;4749;417
Львівська;"КНП""4 МКЛ м.Львова""";0;0;0;0;0;0;0;0;0;0;2724;261
Львівська;КНП КЛШМД м.ЛЬВОВА;0;0;0;0;0;0;0;0;0;0;2121;432
Львівська;МДКЛ, Львівська обл;0;0;0;0;0;0;0;0;0;0;1717;71
Львівська;КНП Стебницька МЛ;0;0;0;0;0;0;0;0;0;0;1495;141
Львівська;"КНП ЯРР ЛО ""НРЛ ім. Ю. Липи""";0;0;0;0;0;0;0;0;0;0;685;93
Львівська;"КДЛ КНП ""Бродівська ЦРЛ""";0;0;0;0;0;0;0;0;4;0;421;47
Львівська;Дрогобицька МЛ;0;0;0;0;0;0;0;0;0;0;2833;77
Львівська;"КП ""Центральна міська лікарня Червоноградської міської ради""";0;0;0;0;0;0;0;0;0;0;852;39
Львівська;Львівськи ВП ДУ “ЛЦ на залізничному транспорті МОЗУ”;0;0;0;0;0;0;0;0;0;0;82;5
Львівська;КНП ЛОР ЛОЦГЗ;0;0;0;0;0;0;0;0;0;0;5400;215
Львівська;"ТЗОВ НМДЦ ""АСТАР""";0;0;0;0;0;0;0;0;66;8;0;0
Львівська;"КНП ""Золочівська ЦРЛ""";0;0;0;0;0;0;0;0;0;0;1623;32
Львівська;"ДЦ ""Медіс""";0;0;0;0;0;0;0;0;1147;144;8067;881
Львівська;Меділайн;0;0;0;0;0;0;0;0;0;0;385;44
Львівська;" МЦ ПП""ПрімаМЕД""";0;0;0;0;0;0;0;0;95;35;58;10
Львівська;"ПП ПСМЛ ""Ескулаб""";0;0;0;0;0;0;0;0;1470;260;7608;727
Львівська;"ТзОВ ""УНІЛАБ""";0;0;0;0;0;0;0;0;5572;922;5562;526
Львівська;"ПП "" Медичний центр "" Інтерсоно"" ";0;0;0;0;0;0;0;0;634;49;178;11
Львівська;"пп ""ДіаВіта Мед""";0;0;0;0;0;0;0;0;98;20;1244;90
Львівська;МЦ Здорова родина;0;0;0;0;0;0;0;0;1;1;3;1
Львівська;КНП ЛОР ЛОЦСК;0;0;0;0;0;0;0;0;0;0;251;7
Миколаївська;"ДУ ""Миколаївський ОЛЦ МОЗ України""";72;8;0;0;0;45;0;0;12285;777;164;56
Миколаївська;"КНП ""МОЦЛІХ"" МОР клініко-діагностична лабораторія";0;0;0;0;0;0;0;0;0;0;202;25
Миколаївська;"КНП ""Миколаївська обласна клінічна лікарня"" МОР";0;0;0;0;0;0;30;0;0;0;1838;29
Миколаївська;КНП ММР МЛ №1;0;0;0;0;0;0;0;0;323;5;2756;15
Миколаївська;КНП ММР МЛ №5;0;0;0;0;0;0;0;0;0;0;778;1
Миколаївська;"Багатопрофільна лабораторія ТОВ "" Медична компанія ""Валео""";0;0;0;0;0;0;0;0;334;5;97;5
Миколаївська;"КП ""КНП Вознесенська багатопрофільна лікарня"" Вознесенської міської ради";0;0;0;0;0;0;0;0;0;0;1120;3
Миколаївська;"КНП ""Первомайська міська багатопрофільна лікарня"" Первомайської міської ради";0;0;0;0;0;0;0;0;0;0;1230;11
Миколаївська;"КНП ""Южноукраїнська міська багатопрофільна лікарня"" Южноукраїнської міської ради";0;0;0;0;0;0;0;0;0;0;768;30
Одеська;ДУ «Одеський ОЛЦ МОЗ України»;431;20;69;42;16;45;0;0;31540;2367;48;10
Одеська;Артмедіуз;0;0;0;0;0;91;0;0;4535;70;2723;67
Одеська;"ПП ""Медична лабораторія Сіместа""";0;0;0;0;0;0;0;0;820;7;0;0
Одеська;Державна Установа «Український науково-дослідний протичумний інститут імені І.І. Мечнікова МОЗ України»;198;6;38;4;0;14;0;0;10379;1076;0;0
Одеська;КНП «Одеський обласний шкірно-венерологічний диспансер» ООР;0;0;0;0;0;0;0;0;0;0;1430;8
Одеська;КНП «Обласний центр соціально значущих хвороб» ООР;0;0;0;0;0;0;0;0;0;0;682;9
Одеська;КНП «ЦРЛ Подільського району»;0;0;0;0;0;0;0;0;0;0;169;12
Одеська;КНП «Ізмаільська міська центральна лікарня Ізмаїльської міської ради»;0;0;0;0;0;0;0;0;0;0;783;95
Одеська;КНП «Міська лікарня № 5» ОМР;0;0;0;0;0;0;0;0;0;0;938;6
Одеська;КНП «Міська клінічна лікарня № 10» ОМР;0;0;0;0;0;0;0;0;0;0;915;42
Одеська;КНП «Міська клінічна лікарня № 1» ОМР;0;0;0;0;0;0;0;0;0;0;892;14
Одеська;КНП «Міська клінічна інфекційна лікарня»;0;0;0;0;0;0;0;0;0;0;1335;258
Одеська;Клініко-діагностичний центр № 20;0;0;0;0;0;0;0;0;0;0;528;5
Одеська;Клініко-діагностичний центр № 6 (Антипова Л.В);0;0;0;0;0;0;0;0;0;0;752;17
Полтавська;"ДУ "" Полтавський обласний лабораторний центр МОЗ України""";122;1;2;0;0;40;0;0;13245;326;0;0
Полтавська;"КП ""ПОКЛ ім. М.В. Скліфосовського ПОР""";0;0;0;0;0;0;0;0;0;0;0;0
Полтавська;"Комунальне підприємство ""Полтавський обласний клiнiчний онкологiчний диспансер Полтавської обласної ради""";0;0;0;0;0;0;0;0;0;0;1196;0
Полтавська;"КП ""Полтавська обласна дитяча клінічна лікарня ПОР""";0;0;0;0;0;0;0;0;0;0;0;0
Полтавська;"КП ""Полтавський обласний Центр профілактики ВІЛ-інфекцій та боротьби зі СНІДом""";0;0;0;0;0;0;0;0;0;0;872;12
Полтавська;"КП ""Обласна клінічна лікарня відновного лікування та діагностики з обласними ценрами планування сім'ї та репродукції людини, медичної генетики ПОР""";0;0;0;0;0;0;0;0;0;0;376;1
Полтавська;"КП ""Полтавський обласний шкірно-венерологічний диспансер пор""";0;0;0;0;0;0;0;0;0;0;1122;6
Полтавська;"КНМП ""Кременчуцький перинатальний центр ІІ рівня""";32;5;0;1;0;0;0;0;764;18;3168;77
Полтавська;"КМП ""Лікарня Придніпровська"" м. Кременчук";0;0;0;0;0;0;0;0;0;0;1028;29
Полтавська;"ТОВ ""МСЧ ""Нафтохімік""                 м. Кременчук";0;0;0;0;0;0;0;0;0;0;1310;26
Полтавська;"КНП ""Лікарня інтенсивного лікування І рівня м. Горішні Плавні ГМР""";0;0;0;0;0;0;0;0;0;0;893;3
Полтавська;"КНП ""Гадяцька ЦРЛ"" ГРР";0;0;0;0;0;0;0;0;0;0;2055;8
Полтавська;"КНП КРР ""Кременчуцька ЦРЛ""";0;0;0;0;0;0;0;0;0;0;871;42
Полтавська;"КНП ""Лохвицька ЦРЛ"" ЛРР";0;0;0;0;0;0;0;0;0;0;888;3
Полтавська;"КП ""Лубенська лікарня інтесивного лікування"" ЛМР";0;0;0;0;0;0;0;0;0;0;2137;51
Полтавська;"КП ""Пирятинська ЦРЛ"" ПРР";0;0;0;0;0;0;0;0;0;0;1557;21
Полтавська;"ТОВ ""Медичний центр"" Мій Лікар""";0;0;0;0;0;0;0;0;0;0;0;0
Полтавська;"ООО ""Гентрис ЛТД""";0;0;0;0;0;0;0;0;0;0;0;0
Полтавська;"ТОВ ""Медалайф""";0;0;0;0;0;0;0;0;0;0;349;3
Полтавська;" ПРАТ ""МИРГОРОДКУРОРТ""";0;0;0;0;0;0;0;0;0;0;106;0
Полтавська;"ТОВ МЛДЦ ""МЕДИОН""";0;0;0;0;0;0;0;0;0;0;149;0
Рівненська;"ДУ ""Рівненський ОЛЦ МОЗ України""";182;5;63;0;0;13;0;0;22775;3308;190;34
Рівненська;"КП""ОЦГЗ""РОР, КДЛ з обстеження населення на ВІЛ/СНІД інфекції";0;0;0;0;0;0;0;0;15836;2265;2336;36
Рівненська;"КП ""Рівненська обласна клінічна лікарня"" Рівненської обласної ради";0;0;0;0;0;0;0;0;0;0;1869;46
Рівненська;"КП ""Рівненський обласний клінічний лікувально-діагностичний центр ім. В. Поліщука"" Рівненської обласної ради";0;0;0;0;0;0;0;0;0;0;1621;32
Рівненська;"КНП ""Центральна міська лікарня"" Рівненської міської ради";0;0;0;0;0;0;0;0;0;0;1841;228
Рівненська;"КНП ""Березнівська центральна районна лікарня"" Березнівської районної ради";0;0;0;0;0;0;0;0;0;0;1264;64
Рівненська;"КНП ""Володимирецька центральна районна лікарня"" Володимирецької районної ради";0;0;0;0;0;0;0;0;0;0;1057;50
Рівненська;"КНП ""Пологовий будинок"" Дубенської міської ради";0;0;0;0;0;0;0;0;0;0;943;27
Рівненська;"ДЗ ""СМСЧ №3 МОЗ України"" м. Вараш";0;0;0;0;0;0;0;0;0;0;2175;127
Рівненська;"КНП ""Міська поліклініка"" Дубенської міської ради";0;0;0;0;0;0;0;0;0;0;588;14
Рівненська;"КНП ""Сарненська центральна районна лікарня"" Сарненської районної ради";0;0;0;0;0;0;0;0;0;0;1234;85
Рівненська;"КНП ""Рівненська центральна районна лікарня"" Рівненської районної ради";0;0;0;0;0;0;0;0;0;0;2068;165
Рівненська;"КНП ""Острозька центральна районна лікарня"" Острозької районної ради";0;0;0;0;0;0;0;0;0;0;707;52
Рівненська;"КНП ""Здолбунівська центральна районна лікарня"" Здолбунівської районної ради";0;0;0;0;0;0;0;0;0;0;269;24
Рівненська;"КП ""Рівненський обласний шкірно-венерологічний диспансер"" Рівненської обласної ради";0;0;0;0;0;0;0;0;0;0;206;2
Рівненська;"КНП""Дубровицька центральна районна лікарня"" Дубровицької районної ради";0;0;0;0;0;0;0;0;0;0;352;15
Рівненська;"КНП""Костопільська центральна районна лікарня"" Костопільської районної ради";0;0;0;0;0;0;0;0;0;0;184;17
Сумська;"ДУ ""Сумський ОЛЦ МОЗ України""";18;0;1;0;0;6;0;0;15346;571;0;0
Сумська;"ТОВ ""Сумський центр служби крові""";0;0;0;0;0;125;0;0;0;0;13537;103
Сумська;"КНП ""Сумська ЦРКЛ"" СРР СО";0;0;0;0;0;0;0;0;0;0;430;2
Сумська;"КНП СОР ""СОКЛ""";0;0;0;0;0;0;0;0;0;0;257;3
Сумська;"КНП СОР ""МКЦІХTД ім.З.Й. Красовицького""";0;0;0;0;0;0;0;0;0;0;472;9
Сумська;"КНП СОР ""Обласний медичний клінічний центр соціально небезпечних захворювань""";0;0;0;0;0;0;0;0;0;0;128;2
Сумська;"КНП СОР ""Обласний клінічний перинатальний центр""";0;0;0;0;0;0;0;0;0;0;545;2
Сумська;"КНП ""Білопільська ЦРЛ""";0;0;0;0;0;0;0;0;0;0;116;7
Сумська;"КНП КМР ""Конотопська ЦРЛ ім.ак.М.Давидова""";0;0;0;0;0;1;0;0;0;0;523;0
Сумська;"КНП ""Краснопільська ЦРЛ"" ";0;0;0;0;0;0;0;0;0;0;160;0
Сумська;"КНП ""Кролевецька ЦРЛ""";0;0;0;0;0;0;0;0;0;0;874;9
Сумська;"КНП ОМР ""Охтирська ЦРЛ""";0;0;0;0;0;0;0;0;0;0;376;5
Сумська;"КНП ""Роменська ЦРЛ"" РМР ";0;0;0;0;0;0;0;0;0;0;397;7
Сумська;"КНП ""Тростянецька міська лікарня"" ТМР";0;0;0;0;0;0;0;0;0;0;477;16
Сумська;"КНП ""Шосткинська ЦРЛ"" ";0;0;0;0;0;0;0;0;0;0;1322;12
Сумська;"""Флоріс""";0;0;0;0;0;0;0;0;0;0;1008;13
Сумська;Медсоюз;0;0;0;0;0;0;0;0;0;0;31;0
Сумська;"ТОВ ""МЦ ""СЕХМЕТ""";0;0;0;0;0;0;0;0;0;0;1701;14
Тернопільська;ДУ «Тернопільський ОЛЦ МОЗ України»;76;0;18;41;0;33;0;0;34794;2885;1954;71
Харківська;ДУ «Харківський ОЛЦ МОЗ України»;93;17;11;30;3;117;0;0;17942;1958;767;224
Харківська;КНП ХОР«Обласна дитяча інфекційна клінічна лікарня»;0;0;0;0;0;0;0;0;4661;348;912;29
Харківська;КНП ХОР«Обласна клінічна  інфекційна лікарня»;0;0;0;0;0;0;0;0;5299;1035;372;58
Харківська;ТОВ «Медичний центр здоров’я»;0;0;0;0;0;0;0;0;2704;307;2382;75
Харківська;"ТОВ ""Медичний центр ім.академіка В.І. Грищенка";17;0;0;0;0;0;3;0;971;23;646;5
Харківська;ПП Медична лабораторія Аналітика;0;0;0;0;0;0;175;8;0;0;696;20
Харківська;"КНП ""Міська клінічна лікарня №2 імені проф.. О.О. Шалімова"" ХМР";0;0;0;0;0;0;20;0;0;0;1321;8
Харківська;"ПП ""Лабораторія ""Миллениум""";0;0;0;0;0;0;0;0;156;14;274;45
Харківська;ТОВ «Медичні технології сучасності»;0;0;0;0;0;0;0;0;0;0;423;12
Харківська;Військово-медичний клінічний центр Північного регіону (військова частина А3306);0;0;0;0;0;0;155;2;0;0;2555;75
Харківська;"ПРИВАТНЕ ПІДПРИЄМСТВО ""АЛВІС-КЛАС""";0;0;0;0;0;0;0;0;0;0;1736;66
Харківська;"КНП Харківської обласної ради ""Обласна клінічна лікарня"" ";0;0;0;0;0;0;0;0;0;0;1435;85
Харківська;"КНП ""Міський перинатальний центр"" ХМР";0;0;0;0;0;0;0;0;0;0;366;2
Харківська;ООО « Небозвід» КДЛ;0;0;0;0;0;0;68;3;0;0;1895;77
Харківська;Приватна фірма «Хелп-Клініка»;0;0;0;0;0;0;25;2;0;0;787;31
Харківська;"КНП ""Харьківська міська багатопрофільна лікарня №17"" ХМР";0;0;0;0;0;0;59;10;0;0;699;97
Харківська;"КНП БРР ХО ""Балаклійська центральна клінічна районна лікарня""";0;0;0;0;0;0;0;0;0;0;693;28
Харківська;"ТОВ ""МЦ МТМ""";0;0;0;0;0;0;0;0;0;0;1845;54
Харківська;ТОВ «ЦМЕД, ЛТД»;0;0;0;0;0;0;0;0;0;0;968;34
Харківська;"Державна установа ""Інститут мікробіології та імунології ім. І.І. Мечникова НАМН України"" лаб.імунореабілітології";0;0;0;0;0;0;0;0;0;0;540;39
Харківська;КНП      Первомайська ЦРЛ;0;0;0;0;0;0;0;0;0;0;934;16
Харківська;НІІ  Терапії;0;0;0;0;0;0;0;0;0;0;1098;36
Харківська;МКЛ №13;0;0;0;0;0;0;0;0;0;0;195;6
Харківська;"ДУ ""Інститут дерматології та венерології НАМН України""";0;0;0;0;0;0;0;0;0;0;224;5
Харківська;"КНП Харківської обласної ради ""Обласна клінічна травматологічна лікарня"" ";0;0;0;0;0;0;0;0;0;0;948;50
Харківська;"КНП Чугуївської районної ради Харківської області ""Чугуївська центральна районна лікарня ім. М.І.Кононенка"" ";0;0;0;0;0;0;0;0;0;0;202;46
Харківська;"Лабораторія ""Б.А.Т.""";0;0;0;0;0;0;0;0;0;0;739;9
Харківська;"Товариство з обмеженою відповідальністю  ""ОН ЛАБ""";0;0;0;0;0;0;0;0;158;11;211;10
Харківська;"КНП ХОР ""ХОЦСК""";0;0;0;0;0;0;0;0;44;0;10;0
Харківська;Харківський міський центр клінічної імунології;0;0;0;0;0;0;110;0;0;0;620;13
Харківська;"Лабораторія ТОВ ""САН ЛАБ""";0;0;0;0;0;0;0;0;0;0;35;2
Харківська;"Лабораторія ""Метролаб""";0;0;0;0;0;0;122;11;0;0;163;15
Херсонська;ДУ «Херсонський ОЛЦ МОЗ України»;182;9;0;13;0;33;0;0;22586;211;0;0
Херсонська;"КНП ""Херсонська обласна інфекційна лікарня ім. Г.І. Горбачевського"" ХОР";20;0;0;0;0;0;14;0;315;1;1119;53
Херсонська;"КНП ""Херсонська МКЛ ім А.і О. Тропіних""";0;0;0;0;0;0;0;0;0;0;1672;64
Херсонська;Херсонський ОШВД;0;0;0;0;0;0;273;0;0;0;9379;111
Херсонська;"КНП ""Херсонська МКЛ ім Є.Є. Карабелеша""";0;0;0;0;0;0;0;0;0;0;3862;76
Херсонська;"КНП ""Херсонська ОКЛ""";0;0;0;0;0;0;0;0;0;0;8682;248
Херсонська;"КНП ""ХМКЛ ім. О.С. Лучанського""";0;0;0;0;0;0;0;0;0;0;834;17
Херсонська;"КНП ""ЦМЛ м.Нова Каховка""";0;0;0;0;0;0;0;0;0;0;874;3
Херсонська;"ПП ""Довіра""";0;0;0;0;0;0;0;0;0;0;37;0
Хмельницька;"ДУ""Хмельницький ОЛЦ МОЗ України""";192;14;3;8;0;186;314;2;15793;934;15646;336
Черкаська;"ДУ""Черкаський ОЛЦ МОЗ України";301;2;12;7;6;0;0;0;41372;845;75;7
Черкаська;"ТОВ ""ЧОЦСК ""Черкаси-Плазма""";0;0;0;0;0;0;0;0;0;0;8700;104
Черкаська;"КНП ""ЧОСПК ЧОР""";0;0;0;0;0;0;0;0;0;0;1400;11
Чернівецька;ДУ «Чернівецький ОЛЦ МОЗ України»+Чернівецька область;236;49;23;71;2;0;0;0;38198;6432;4268;536
Чернігівська;ДУ Чернігівський ОЛЦ МОЗ Укрвїни;18;6;0;0;0;0;0;0;16320;612;1025;47
м. Київ;ДУ «Київський міський ЛЦ МОЗ України»;778;5;154;0;0;14;184;24;50885;8921;184;24
м. Київ;" ТОВ «МЛ «ДІЛА» 
";0;0;0;0;0;0;0;0;34091;1803;10683;623
м. Київ;"КНП ""КМКЛ № 4""";0;0;0;0;0;0;0;0;4633;692;3058;202
м. Київ;ТОВ «ДІАГЕН»  08131, Київська область, село Софіївська Борщагівка, вул.Київська, буд. 34-А, офіс 317;0;0;0;0;0;0;0;0;11935;524;430;24
м. Київ;КНП «Олександрівська клінічна лікарня м. Києва»;0;0;0;0;0;0;0;0;5343;666;1727;233
м. Київ;Медична лабораторія CSD Lab;0;0;0;0;0;0;0;0;2438;140;400;10
м. Київ;ТОВ «ЛДЦ»«Діагностик», м.Київ, вул Р.Окіпної 8-б;0;0;0;0;0;0;0;0;9348;308;2489;100
м. Київ;"НДСЛ ""ОХМАТДИТ"" МОЗ України, Український Референс-центр з клінічної лабораторної діагностики та метрології";0;0;0;0;0;0;0;0;509;14;3893;39
м. Київ;"ТОВ ""Омега Київ""";0;0;0;0;0;0;0;0;7669;536;1365;64
м. Київ;"ТОВ ""Інститут мікробіологічних досліджень""";0;0;0;0;0;0;0;0;2136;52;1361;38
м. Київ;"ПП ""МедіАн"" (м. Київ)";0;0;0;0;0;0;0;0;955;27;0;0
м. Київ;"ДУ ""Інститут епідеміології та інфекційних хвороб ім.Л.В.Громашевського НАМН України"" м. Київ";0;0;0;0;0;0;0;0;68;2;0;0
м. Київ;"Комунальне некомерційне підприємство ""Київський міський пологовий будинок №5""";0;0;0;0;0;0;0;0;0;0;249;24
м. Київ;"КНП ""Київська міська дитяча клінічна інфекційна лікарня""";0;0;0;0;0;0;0;0;380;59;0;0
м. Київ;"ТОВ ""Сінево Україна""";0;0;0;0;0;0;0;0;0;0;24586;1887
м. Київ;"ТОВ ""ДНК-Лабораторія""";0;0;0;0;0;0;0;0;13000;433;1594;140
м. Київ;ТОВ Медлаб, м. Київ;0;0;0;0;0;0;0;0;7638;404;3304;309
м. Київ;"КНП ""Академія здоров'я людини"", Київ";0;0;0;0;0;0;0;0;0;0;1312;16
м. Київ;"ТОВ ""Євролаб""";0;0;0;0;0;0;0;0;0;0;112;12
м. Київ;"ТОВ ""Ніколаб""";0;0;0;0;0;0;0;0;1058;33;924;31
м. Київ;"КНП ""КМКЛ №1""";0;0;0;0;0;0;0;0;0;0;1108;25
м. Київ;"КНП ""КМКЛ №5""";0;0;0;0;0;0;0;0;5145;288;224;19
м. Київ;"КНП ""КМКЛ 6""";0;0;0;0;0;0;0;0;0;0;593;13
м. Київ;" ТОВ ""Юнімед Лабораторіз""
код 41771751";0;0;0;0;0;0;0;0;916;36;1374;28
;ДУ «ЦГЗ МОЗ України»;157;3;29;49;15;103;0;0;21417;3298;446;48
